Player Name	Position	Team	Price	Total Points	Points Per Game	Games Played	MOTM Votes	Goals	Assists	Clean Sheets	Yellow Cards	Red Cards
Tom Callaway	FOR	3	13	288	9.9	29	41	30	10	8	1	0
Michael Speaks	MID	3	11	222	8.2	27	36	1	9	8	0	0
Matt Chapman	MID	3	10	175	8.3	21	20	8	6	5	0	0
Alex Cook	FOR	1	10	172	8.2	21	32	12	3	4	0	0
Adam Young	DEF	1	10	171	9	19	44	0	3	3	0	0
Rob Leighton	FOR	1	10	171	6.8	25	36	8	2	5	0	0
Ben Taylor	GK	3	10	167	8	21	10	0	1	5	0	0
Chris Hodnett	MID	2	9	170	6.1	28	18	1	3	5	0	0
James Hassall	DEF	3	9	157	6.8	23	16	0	2	7	1	0
Geraint 'Gaz' Jones?	MID	3	9	155	6.2	25	31	0	2	5	0	0
Huw Escott	DEF	3	9	154	6.7	23	9	0	2	7	1	0
Fraser Wills	DEF	3	9	148	6.4	23	4	2	2	8	0	1
Charlie Perrett	FOR	2	9	146	7.3	20	32	12	4	4	0	0
Tom 'Dicky' Dickson	DEF	1	9	146	6.3	23	22	1	1	5	2	0
Gav Smith	DEF	3	9	145	6.3	23	19	0	1	6	1	1
Alex Berman	MID	1	9	143	6.5	22	14	4	6	5	0	0
Ollie McCall	MID	1	9	136	6.8	20	48	1	0	4	0	0
Chris Hazell?	MID	4	9	136	5.7	24	21	3	6	1	0	0
Adam Fielding	DEF	3	9	115	8.8	13	25	2	0	4	0	0
James 'Beanie' Bean	FOR	1	8	128	5.3	24	24	4	3	5	0	0
Danny 'Boyley' Boyle	FOR	4	8	117	6.2	19	16	7	5	2	0	0
Ian Blackburn	DEF	1	8	116	6.4	18	14	0	4	3	0	0
Jeven Clare	DEF	3	8	115	6.1	19	3	0	1	6	0	0
Jack Perrett	MID	4	8	110	5.2	21	16	3	0	1	0	0
Josh Bruges	DEF	2	8	108	6	18	32	1	0	1	0	0
Jack Presley	FOR	2	8	108	4.7	23	12	3	5	5	0	0
Jamie Worman	FOR	4	8	106	5.9	18	21	4	3	2	0	0
Joe Galley	MID	3	8	95	5	19	9	1	3	3	0	0
Pete Mooney	FOR	2	8	94	4.7	20	6	3	1	3	2	0
Jonny Sadler	DEF	4	8	91	4.3	21	14	0	0	1	0	0
Pete Joslin	DEF	4	8	90	4.7	19	19	0	0	1	1	0
Regan Kelly	FOR	3	8	88	6.3	14	23	2	3	2	0	0
Sam Payne	MID	3	8	88	5.5	16	21	1	2	2	0	0
Ben Elsom	DEF	2	8	87	6.2	14	16	1	0	2	0	0
Matt Davenport?	FOR	4	8	87	4.1	21	8	5	4	1	0	0
Kevin 'Bingo' McCarron	FOR	4	8	86	5.1	17	14	6	3	1	0	0
Chryst N'Semi	MID	4	8	83	6.9	12	26	0	0	0	0	0
Phil Maclean	GK	4	8	82	8.2	10	10	0	0	0	0	0
Will Coleman	FOR	2	8	81	8.1	10	19	8	2	3	1	0
Lewis Campbell	MID	3	8	81	5.4	15	8	1	0	4	0	0
Danny Jones	MID	2	8	80	5.7	14	16	0	3	2	0	0
Ben Magnin	MID	1	8	77	4.3	18	14	0	1	2	0	0
Simon Wilson	MID	1	8	77	3.9	20	6	0	1	2	0	0
Theo Faull	DEF	4	8	75	3.9	19	10	1	2	0	0	0
Tim Longden	DEF	2	8	73	6.6	11	9	0	2	2	0	0
Drew Bridden	DEF	4	8	71	4.7	15	13	0	1	1	0	0
Jack Perry?	DEF	1	8	69	4.6	15	8	0	0	2	0	0
Ollie Lenthall	MID	2	8	69	4.3	16	6	1	1	2	1	0
Alex Fallon	MID	2	8	67	8.4	8	10	0	5	2	0	0
James Wilby	MID	1	8	66	6	11	12	0	0	4	1	0
Angus Wilson	FOR	2	8	63	5.7	11	17	3	2	2	0	0
Steve Ellett	FOR	4	8	62	5.6	11	11	5	0	2	0	0
Luke Parry-Billings	DEF	1	8	61	7.6	8	21	0	0	2	0	0
Alex Browning	DEF	1	8	60	7.5	8	18	0	0	2	1	0
Ryan Moon	MID	2	8	59	4.5	13	12	0	1	0	0	0
Sam Clements	FOR	4	8	57	6.3	9	5	2	1	0	1	0
Dan Newman-Sanders	DEF	3	8	52	7.4	7	3	0	0	3	0	0
Billy McGregor	FOR	2	8	50	4.5	11	5	3	2	1	0	0
Besher Kanjo	MID	4	8	45	5	9	12	2	0	0	1	0
Leon Coles?	DEF	2	8	42	4.7	9	14	0	0	0	0	0
George Clements?	FOR	3	8	40	5	8	2	1	1	3	0	0
Max Pugsley	DEF	3	8	38	5.4	7	3	0	0	2	0	0
Jack Chatfield	FOR	2	8	34	3.8	9	2	0	2	1	0	0
Lewis Dowling	DEF	4	8	32	2.7	12	3	0	0	0	0	0
Will Soady	DEF	3	8	31	7.8	4	8	0	0	1	0	0
Jonny Burton	MID	4	8	29	1.7	17	5	0	0	0	0	0
Harry Page	FOR	2	8	27	3.4	8	0	0	2	1	0	0
Sam Gurr	DEF	NEW	8	26	13	2	12	0	0	0	0	0
Will Brown	DEF	4	8	25	3.6	7	0	0	1	0	0	0
Charlie Day	GK	4	8	22	7.3	3	1	0	0	1	0	0
Andy Williams?	MID	4	8	21	7	3	4	1	1	0	0	0
Dave Manning	DEF	4	8	20	6.7	3	1	0	0	1	0	0
Joe Britton	DEF	4	8	14	1.6	9	0	0	0	0	0	0
Laurie McGeoghogan	MID	NEW	8	10	5	2	5	0	0	0	0	0
Adam Carpenter	DEF	4	8	10	1.7	6	0	0	0	0	0	0
Clint Smith	DEF	NEW	8	1	1	1	0	0	0	0	0	0
Steve King?	MID	NEW	8	1	1	1	0	0	0	0	0	0
Cameron Keith	GK	NEW	8	0	0	0	0	0	0	0	0	0
Cameron Reade	GK	NEW	8	0	0	0	0	0	0	0	0	0
Chris Pope	DEF	NEW	8	0	0	0	0	0	0	0	0	0
Erol Bicer	DEF	NEW	8	0	0	0	0	0	0	0	0	0
Mark Willis	DEF	NEW	8	0	0	0	0	0	0	0	0	0
Olly Rance	DEF	NEW	8	0	0	0	0	0	0	0	0	0
Ant Storr	MID	NEW	8	0	0	0	0	0	0	0	0	0
James Baines	MID	NEW	8	0	0	0	0	0	0	0	0	0
Sebastian Dzien	FOR	NEW	8	0	0	0	0	0	0	0	0	0
